time_window,src_community,dst_community,edge_count,total_events,mean_severity,dominant_type,involved_sources,involved_targets,campaign_id,attack_stage
0,3,3,5,28,0.7083999999999999,xss,1,5,CAMP_000000,initial_access_or_exploitation
0,3,4,1,3,0.7044999999999999,xss,1,1,CAMP_000001,initial_access_or_exploitation
0,5,5,4,169,0.7633749999999999,backdoor,3,3,CAMP_000002,persistence_or_manipulation
1,5,5,3,200,0.7999999999999999,backdoor,2,3,CAMP_000003,persistence_or_manipulation
2,5,5,2,200,0.8500000000000001,backdoor,1,2,CAMP_000004,persistence_or_manipulation
3,5,5,2,200,0.85,backdoor,1,2,CAMP_000005,persistence_or_manipulation
4,5,5,2,200,0.8500000000000001,backdoor,1,2,CAMP_000006,persistence_or_manipulation
5,5,5,2,200,0.85,backdoor,1,2,CAMP_000007,persistence_or_manipulation
6,5,5,2,200,0.85,backdoor,1,2,CAMP_000008,persistence_or_manipulation
7,5,5,2,200,0.85,backdoor,1,2,CAMP_000009,persistence_or_manipulation
8,5,5,2,200,0.85,backdoor,1,2,CAMP_000010,persistence_or_manipulation
9,5,5,2,200,0.85,backdoor,1,2,CAMP_000011,persistence_or_manipulation
10,5,5,2,200,0.85,backdoor,1,2,CAMP_000012,persistence_or_manipulation
11,5,5,2,200,0.85,backdoor,1,2,CAMP_000013,persistence_or_manipulation
12,5,5,2,200,0.85,backdoor,1,2,CAMP_000014,persistence_or_manipulation
13,5,5,2,200,0.85,backdoor,1,2,CAMP_000015,persistence_or_manipulation
14,5,5,2,200,0.85,backdoor,1,2,CAMP_000016,persistence_or_manipulation
15,5,5,2,200,0.85,backdoor,1,2,CAMP_000017,persistence_or_manipulation
16,5,5,2,200,0.8500000000000001,backdoor,1,2,CAMP_000018,persistence_or_manipulation
17,5,5,2,200,0.85,backdoor,1,2,CAMP_000019,persistence_or_manipulation
18,5,5,2,200,0.85,backdoor,1,2,CAMP_000020,persistence_or_manipulation
19,1,1,1,2,0.7030000000000001,ddos,1,1,CAMP_000021,disruption_or_impact
19,1,3,1,1,0.7015,ddos,1,1,CAMP_000022,disruption_or_impact
19,2,3,2,134,0.8005,ddos,1,2,CAMP_000023,disruption_or_impact
19,5,5,2,63,0.74725,backdoor,1,2,CAMP_000024,persistence_or_manipulation
20,2,3,2,200,0.85,ddos,1,2,CAMP_000025,disruption_or_impact
21,2,3,2,200,0.85,ddos,1,2,CAMP_000026,disruption_or_impact
22,2,3,2,200,0.85,ddos,1,2,CAMP_000027,disruption_or_impact
23,2,3,3,200,0.8000000000000002,ddos,1,3,CAMP_000028,disruption_or_impact
24,2,3,1,200,1.0,ddos,1,1,CAMP_000029,disruption_or_impact
25,2,2,1,33,0.7495,ddos,1,1,CAMP_000030,disruption_or_impact
25,2,3,2,167,0.82525,ddos,1,2,CAMP_000031,disruption_or_impact
26,2,2,1,20,0.73,ddos,1,1,CAMP_000032,disruption_or_impact
26,2,3,2,180,0.8350000000000001,ddos,1,2,CAMP_000033,disruption_or_impact
27,2,3,3,200,0.7999999999999999,ddos,1,3,CAMP_000034,disruption_or_impact
28,2,3,3,199,0.7995,ddos,1,3,CAMP_000035,disruption_or_impact
28,2,4,1,1,0.7015,ddos,1,1,CAMP_000036,disruption_or_impact
29,2,3,3,183,0.7915,ddos,1,3,CAMP_000037,disruption_or_impact
29,2,4,1,17,0.7255,ddos,1,1,CAMP_000038,disruption_or_impact
30,2,3,2,191,0.84325,ddos,1,2,CAMP_000039,disruption_or_impact
30,2,4,1,9,0.7135,ddos,1,1,CAMP_000040,disruption_or_impact
31,1,1,1,1,0.7015,ddos,1,1,CAMP_000041,disruption_or_impact
31,2,2,1,1,0.7015,ddos,1,1,CAMP_000042,disruption_or_impact
31,2,3,3,179,0.7895,ddos,1,3,CAMP_000043,disruption_or_impact
31,2,4,1,19,0.7284999999999999,ddos,1,1,CAMP_000044,disruption_or_impact
32,1,1,1,1,0.7015,ddos,1,1,CAMP_000045,disruption_or_impact
32,2,2,1,24,0.736,ddos,1,1,CAMP_000046,disruption_or_impact
32,2,3,3,159,0.7795,ddos,1,3,CAMP_000047,disruption_or_impact
32,2,4,1,16,0.724,ddos,1,1,CAMP_000048,disruption_or_impact
33,1,3,2,37,0.72775,ddos,1,2,CAMP_000049,disruption_or_impact
33,2,2,1,16,0.724,ddos,1,1,CAMP_000050,disruption_or_impact
33,2,3,4,110,0.74125,ddos,1,4,CAMP_000051,disruption_or_impact
33,2,4,1,7,0.7104999999999999,ddos,1,1,CAMP_000052,disruption_or_impact
33,3,3,5,26,0.7078,xss,1,5,CAMP_000053,initial_access_or_exploitation
33,3,4,1,4,0.706,xss,1,1,CAMP_000054,initial_access_or_exploitation
34,1,1,1,1,0.7015,ddos,1,1,CAMP_000055,disruption_or_impact
34,1,3,4,79,0.729625,ddos,1,4,CAMP_000056,disruption_or_impact
34,2,2,1,3,0.7044999999999999,ddos,1,1,CAMP_000057,disruption_or_impact
34,2,3,4,109,0.740875,ddos,1,4,CAMP_000058,disruption_or_impact
34,2,4,1,8,0.712,ddos,1,1,CAMP_000059,disruption_or_impact
35,1,2,1,1,0.7015,ddos,1,1,CAMP_000060,disruption_or_impact
35,1,3,3,108,0.754,ddos,1,3,CAMP_000061,disruption_or_impact
35,2,2,1,20,0.73,ddos,1,1,CAMP_000062,disruption_or_impact
35,2,3,4,64,0.724,ddos,1,4,CAMP_000063,disruption_or_impact
35,2,4,1,7,0.7104999999999999,ddos,1,1,CAMP_000064,disruption_or_impact
36,1,2,1,1,0.7015,ddos,1,1,CAMP_000065,disruption_or_impact
36,1,3,3,86,0.743,ddos,1,3,CAMP_000066,disruption_or_impact
36,1,4,1,1,0.7015,ddos,1,1,CAMP_000067,disruption_or_impact
36,2,2,1,7,0.7104999999999999,ddos,1,1,CAMP_000068,disruption_or_impact
36,2,3,2,70,0.7525000000000001,ddos,1,2,CAMP_000069,disruption_or_impact
36,2,4,1,4,0.706,ddos,1,1,CAMP_000070,disruption_or_impact
36,3,3,5,31,0.7093,xss,1,5,CAMP_000071,initial_access_or_exploitation
37,1,2,1,1,0.7015,ddos,1,1,CAMP_000072,disruption_or_impact
37,1,3,5,149,0.7447,ddos,1,5,CAMP_000073,disruption_or_impact
37,1,4,1,6,0.7090000000000001,ddos,1,1,CAMP_000074,disruption_or_impact
37,2,2,1,6,0.7090000000000001,ddos,1,1,CAMP_000075,disruption_or_impact
37,2,3,3,33,0.7164999999999999,ddos,1,3,CAMP_000076,disruption_or_impact
37,2,4,1,5,0.7075,ddos,1,1,CAMP_000077,disruption_or_impact
38,1,2,1,6,0.7090000000000001,ddos,1,1,CAMP_000078,disruption_or_impact
38,1,3,4,107,0.7401249999999999,ddos,1,4,CAMP_000079,disruption_or_impact
38,1,4,1,7,0.7104999999999999,ddos,1,1,CAMP_000080,disruption_or_impact
38,2,2,1,21,0.7315,ddos,1,1,CAMP_000081,disruption_or_impact
38,2,3,2,28,0.721,ddos,1,2,CAMP_000082,disruption_or_impact
38,2,4,1,5,0.7075,ddos,1,1,CAMP_000083,disruption_or_impact
38,3,3,4,16,0.706,xss,1,4,CAMP_000084,initial_access_or_exploitation
38,3,4,1,10,0.7150000000000001,xss,1,1,CAMP_000085,initial_access_or_exploitation
39,1,2,1,2,0.7030000000000001,ddos,1,1,CAMP_000086,disruption_or_impact
39,1,3,3,23,0.7115,ddos,1,3,CAMP_000087,disruption_or_impact
39,1,4,1,7,0.7104999999999999,ddos,1,1,CAMP_000088,disruption_or_impact
39,2,2,2,19,0.71425,dos,2,2,CAMP_000089,disruption_or_impact
39,2,3,8,130,0.724375,dos,2,5,CAMP_000090,disruption_or_impact
39,2,4,1,3,0.7044999999999999,ddos,1,1,CAMP_000091,disruption_or_impact
39,2,5,1,16,0.724,dos,1,1,CAMP_000092,disruption_or_impact
40,1,3,1,4,0.706,dos,1,1,CAMP_000093,disruption_or_impact
40,2,2,2,27,0.7202500000000001,dos,1,2,CAMP_000094,disruption_or_impact
40,2,3,8,143,0.7268125000000001,dos,2,5,CAMP_000095,disruption_or_impact
40,2,4,1,1,0.7015,dos,1,1,CAMP_000096,disruption_or_impact
40,2,5,2,25,0.71875,dos,2,1,CAMP_000097,disruption_or_impact
41,1,3,1,5,0.7075,dos,1,1,CAMP_000098,disruption_or_impact
41,2,2,4,23,0.7086250000000001,dos,2,3,CAMP_000099,disruption_or_impact
41,2,3,6,132,0.733,dos,2,5,CAMP_000100,disruption_or_impact
41,2,4,2,2,0.7015,dos,2,1,CAMP_000101,disruption_or_impact
41,2,5,2,38,0.7285,dos,2,1,CAMP_000102,disruption_or_impact
42,1,3,1,4,0.706,dos,1,1,CAMP_000103,disruption_or_impact
42,2,2,2,45,0.73375,dos,2,1,CAMP_000104,disruption_or_impact
42,2,3,6,124,0.731,dos,2,5,CAMP_000105,disruption_or_impact
42,2,4,2,2,0.7015,dos,2,1,CAMP_000106,disruption_or_impact
42,2,5,1,25,0.7375,dos,1,1,CAMP_000107,disruption_or_impact
43,1,3,1,9,0.7135,dos,1,1,CAMP_000108,disruption_or_impact
43,2,0,1,1,0.7015,dos,1,1,CAMP_000109,disruption_or_impact
43,2,2,5,28,0.7083999999999999,dos,2,4,CAMP_000110,disruption_or_impact
43,2,3,9,117,0.7195,dos,2,6,CAMP_000111,disruption_or_impact
43,2,5,1,16,0.724,dos,1,1,CAMP_000112,disruption_or_impact
43,3,3,7,24,0.7051428571428572,xss,2,6,CAMP_000113,initial_access_or_exploitation
43,3,4,1,5,0.7075,xss,1,1,CAMP_000114,initial_access_or_exploitation
44,1,3,1,7,0.7104999999999999,dos,1,1,CAMP_000115,disruption_or_impact
44,2,1,1,1,0.7015,dos,1,1,CAMP_000116,disruption_or_impact
44,2,2,6,30,0.7075,dos,2,6,CAMP_000117,disruption_or_impact
44,2,3,7,132,0.7282857142857143,dos,2,5,CAMP_000118,disruption_or_impact
44,2,4,1,3,0.7044999999999999,dos,1,1,CAMP_000119,disruption_or_impact
44,2,5,2,27,0.7202500000000001,dos,2,1,CAMP_000120,disruption_or_impact
45,1,3,1,5,0.7075,dos,1,1,CAMP_000121,disruption_or_impact
45,2,2,3,24,0.7120000000000001,dos,2,3,CAMP_000122,disruption_or_impact
45,2,3,7,121,0.7259285714285715,dos,2,5,CAMP_000123,disruption_or_impact
45,2,5,1,50,0.7749999999999999,dos,1,1,CAMP_000124,disruption_or_impact
46,1,3,1,6,0.7090000000000001,dos,1,1,CAMP_000125,disruption_or_impact
46,2,2,3,23,0.7115,dos,2,2,CAMP_000126,disruption_or_impact
46,2,3,7,141,0.7302142857142858,dos,2,5,CAMP_000127,disruption_or_impact
46,2,4,1,1,0.7015,dos,1,1,CAMP_000128,disruption_or_impact
46,2,5,2,29,0.72175,dos,2,1,CAMP_000129,disruption_or_impact
47,1,3,1,8,0.712,dos,1,1,CAMP_000130,disruption_or_impact
47,2,2,5,31,0.7093,dos,2,3,CAMP_000131,disruption_or_impact
47,2,3,8,98,0.718375,dos,2,5,CAMP_000132,disruption_or_impact
47,2,4,1,2,0.7030000000000001,dos,1,1,CAMP_000133,disruption_or_impact
47,2,5,1,61,0.7915000000000001,dos,1,1,CAMP_000134,disruption_or_impact
48,1,3,1,3,0.7044999999999999,dos,1,1,CAMP_000135,disruption_or_impact
48,2,2,5,21,0.7063,dos,2,3,CAMP_000136,disruption_or_impact
48,2,3,8,146,0.727375,dos,2,5,CAMP_000137,disruption_or_impact
48,2,4,1,1,0.7015,dos,1,1,CAMP_000138,disruption_or_impact
48,2,5,1,29,0.7435,dos,1,1,CAMP_000139,disruption_or_impact
49,1,1,1,1,0.7015,dos,1,1,CAMP_000140,disruption_or_impact
49,1,3,1,9,0.7135,dos,1,1,CAMP_000141,disruption_or_impact
49,2,2,3,28,0.7140000000000001,dos,2,2,CAMP_000142,disruption_or_impact
49,2,3,7,96,0.7205714285714286,dos,2,5,CAMP_000143,disruption_or_impact
49,2,4,1,1,0.7015,dos,1,1,CAMP_000144,disruption_or_impact
49,2,5,2,34,0.7254999999999999,dos,2,1,CAMP_000145,disruption_or_impact
49,3,3,4,28,0.7105,xss,1,4,CAMP_000146,initial_access_or_exploitation
49,3,4,1,3,0.7044999999999999,xss,1,1,CAMP_000147,initial_access_or_exploitation
50,1,3,1,8,0.712,dos,1,1,CAMP_000148,disruption_or_impact
50,2,2,3,27,0.7135000000000001,dos,2,3,CAMP_000149,disruption_or_impact
50,2,3,7,107,0.7229285714285715,dos,2,5,CAMP_000150,disruption_or_impact
50,2,5,1,58,0.7869999999999999,dos,1,1,CAMP_000151,disruption_or_impact
51,1,3,1,3,0.7044999999999999,dos,1,1,CAMP_000152,disruption_or_impact
51,2,2,3,34,0.717,dos,2,3,CAMP_000153,disruption_or_impact
51,2,3,7,132,0.7282857142857143,dos,2,5,CAMP_000154,disruption_or_impact
51,2,4,2,2,0.7015,dos,2,1,CAMP_000155,disruption_or_impact
51,2,5,2,29,0.72175,dos,2,1,CAMP_000156,disruption_or_impact
52,1,3,1,2,0.7030000000000001,dos,1,1,CAMP_000157,disruption_or_impact
52,2,2,3,20,0.71,dos,2,2,CAMP_000158,disruption_or_impact
52,2,3,7,132,0.7282857142857143,dos,2,5,CAMP_000159,disruption_or_impact
52,2,4,1,1,0.7015,dos,1,1,CAMP_000160,disruption_or_impact
52,2,5,1,45,0.7675000000000001,dos,1,1,CAMP_000161,disruption_or_impact
53,1,3,1,5,0.7075,dos,1,1,CAMP_000162,disruption_or_impact
53,2,2,4,20,0.7075,dos,2,3,CAMP_000163,disruption_or_impact
53,2,3,8,122,0.722875,dos,2,5,CAMP_000164,disruption_or_impact
53,2,4,2,2,0.7015,dos,2,1,CAMP_000165,disruption_or_impact
53,2,5,1,51,0.7765,dos,1,1,CAMP_000166,disruption_or_impact
54,1,3,1,6,0.7090000000000001,dos,1,1,CAMP_000167,disruption_or_impact
54,2,2,5,30,0.709,dos,2,3,CAMP_000168,disruption_or_impact
54,2,3,8,118,0.722125,dos,2,5,CAMP_000169,disruption_or_impact
54,2,4,1,1,0.7015,dos,1,1,CAMP_000170,disruption_or_impact
54,2,5,1,45,0.7675000000000001,dos,1,1,CAMP_000171,disruption_or_impact
55,1,3,1,5,0.7075,dos,1,1,CAMP_000172,disruption_or_impact
55,2,2,2,20,0.715,dos,2,1,CAMP_000173,disruption_or_impact
55,2,3,7,126,0.7270000000000001,dos,2,5,CAMP_000174,disruption_or_impact
55,2,4,2,8,0.706,dos,2,1,CAMP_000175,disruption_or_impact
55,2,5,1,41,0.7615000000000001,dos,1,1,CAMP_000176,disruption_or_impact
56,1,3,1,9,0.7135,dos,1,1,CAMP_000177,disruption_or_impact
56,2,2,3,30,0.715,dos,2,3,CAMP_000178,disruption_or_impact
56,2,3,9,128,0.7213333333333334,dos,2,5,CAMP_000179,disruption_or_impact
56,2,4,2,2,0.7015,dos,2,1,CAMP_000180,disruption_or_impact
56,2,5,2,31,0.7232500000000001,dos,2,1,CAMP_000181,disruption_or_impact
57,1,3,1,16,0.724,dos,1,1,CAMP_000182,disruption_or_impact
57,2,2,3,25,0.7125,dos,2,2,CAMP_000183,disruption_or_impact
57,2,3,9,128,0.7213333333333334,dos,2,5,CAMP_000184,disruption_or_impact
57,2,5,2,31,0.7232500000000001,dos,2,1,CAMP_000185,disruption_or_impact
58,1,1,1,39,0.7585,injection,1,1,CAMP_000186,initial_access_or_exploitation
58,1,3,3,84,0.742,injection,1,3,CAMP_000187,initial_access_or_exploitation
58,2,1,2,45,0.73375,injection,1,2,CAMP_000188,initial_access_or_exploitation
58,2,2,1,3,0.7044999999999999,dos,1,1,CAMP_000189,disruption_or_impact
58,2,3,5,22,0.7066,dos,1,5,CAMP_000190,disruption_or_impact
58,2,4,1,1,0.7015,injection,1,1,CAMP_000191,initial_access_or_exploitation
58,2,5,1,6,0.7090000000000001,dos,1,1,CAMP_000192,disruption_or_impact
59,1,1,1,26,0.7390000000000001,injection,1,1,CAMP_000193,initial_access_or_exploitation
59,1,3,3,82,0.741,injection,1,3,CAMP_000194,initial_access_or_exploitation
59,1,4,1,24,0.736,injection,1,1,CAMP_000195,initial_access_or_exploitation
59,2,1,2,66,0.7494999999999999,injection,1,2,CAMP_000196,initial_access_or_exploitation
59,2,3,1,2,0.7030000000000001,injection,1,1,CAMP_000197,initial_access_or_exploitation
60,1,3,2,42,0.7315,injection,1,2,CAMP_000198,initial_access_or_exploitation
60,1,4,1,118,0.877,injection,1,1,CAMP_000199,initial_access_or_exploitation
60,2,4,1,40,0.76,injection,1,1,CAMP_000200,initial_access_or_exploitation
61,1,1,1,36,0.754,injection,1,1,CAMP_000201,initial_access_or_exploitation
61,1,3,2,32,0.724,injection,1,2,CAMP_000202,initial_access_or_exploitation
61,1,4,1,63,0.7945,injection,1,1,CAMP_000203,initial_access_or_exploitation
61,2,1,1,2,0.7030000000000001,injection,1,1,CAMP_000204,initial_access_or_exploitation
61,2,3,4,34,0.71275,injection,1,4,CAMP_000205,initial_access_or_exploitation
61,2,4,1,33,0.7495,injection,1,1,CAMP_000206,initial_access_or_exploitation
62,1,3,2,11,0.70825,injection,1,2,CAMP_000207,initial_access_or_exploitation
62,2,1,1,12,0.718,injection,1,1,CAMP_000208,initial_access_or_exploitation
62,2,3,4,176,0.766,injection,1,4,CAMP_000209,initial_access_or_exploitation
62,2,4,1,1,0.7015,injection,1,1,CAMP_000210,initial_access_or_exploitation
63,1,3,3,67,0.7334999999999999,injection,1,3,CAMP_000211,initial_access_or_exploitation
63,1,4,1,13,0.7195,injection,1,1,CAMP_000212,initial_access_or_exploitation
63,2,1,1,103,0.8545,injection,1,1,CAMP_000213,initial_access_or_exploitation
63,2,3,3,17,0.7084999999999999,injection,1,3,CAMP_000214,initial_access_or_exploitation
64,1,1,1,4,0.706,injection,1,1,CAMP_000215,initial_access_or_exploitation
64,1,3,2,12,0.709,injection,1,2,CAMP_000216,initial_access_or_exploitation
64,1,4,1,112,0.8680000000000001,injection,1,1,CAMP_000217,initial_access_or_exploitation
64,2,1,1,14,0.7210000000000001,injection,1,1,CAMP_000218,initial_access_or_exploitation
64,2,3,3,56,0.7280000000000001,injection,1,3,CAMP_000219,initial_access_or_exploitation
64,2,4,1,2,0.7030000000000001,injection,1,1,CAMP_000220,initial_access_or_exploitation
65,1,1,1,16,0.724,injection,1,1,CAMP_000221,initial_access_or_exploitation
65,2,1,1,17,0.7255,injection,1,1,CAMP_000222,initial_access_or_exploitation
65,2,3,4,107,0.740125,injection,1,4,CAMP_000223,initial_access_or_exploitation
65,2,4,1,31,0.7464999999999999,injection,1,1,CAMP_000224,initial_access_or_exploitation
65,3,3,7,25,0.7053571428571429,xss,2,6,CAMP_000225,initial_access_or_exploitation
65,3,4,1,4,0.706,xss,1,1,CAMP_000226,initial_access_or_exploitation
66,1,1,1,2,0.7030000000000001,injection,1,1,CAMP_000227,initial_access_or_exploitation
66,2,1,1,15,0.7224999999999999,injection,1,1,CAMP_000228,initial_access_or_exploitation
66,2,3,2,183,0.83725,injection,1,2,CAMP_000229,initial_access_or_exploitation
67,1,1,1,8,0.712,injection,1,1,CAMP_000230,initial_access_or_exploitation
67,2,1,1,38,0.7569999999999999,injection,1,1,CAMP_000231,initial_access_or_exploitation
67,2,3,2,154,0.8155,injection,1,2,CAMP_000232,initial_access_or_exploitation
68,1,1,1,3,0.7044999999999999,injection,1,1,CAMP_000233,initial_access_or_exploitation
68,1,3,2,66,0.7494999999999999,injection,1,2,CAMP_000234,initial_access_or_exploitation
68,1,4,1,5,0.7075,injection,1,1,CAMP_000235,initial_access_or_exploitation
68,2,1,1,111,0.8665,injection,1,1,CAMP_000236,initial_access_or_exploitation
68,2,3,2,5,0.70375,injection,1,2,CAMP_000237,initial_access_or_exploitation
68,2,4,1,10,0.7150000000000001,injection,1,1,CAMP_000238,initial_access_or_exploitation
69,1,1,1,38,0.7569999999999999,injection,1,1,CAMP_000239,initial_access_or_exploitation
69,1,3,4,74,0.72775,injection,1,4,CAMP_000240,initial_access_or_exploitation
69,1,4,1,66,0.7989999999999999,injection,1,1,CAMP_000241,initial_access_or_exploitation
69,2,1,1,18,0.7270000000000001,injection,1,1,CAMP_000242,initial_access_or_exploitation
69,2,3,1,2,0.7030000000000001,injection,1,1,CAMP_000243,initial_access_or_exploitation
69,2,4,1,2,0.7030000000000001,injection,1,1,CAMP_000244,initial_access_or_exploitation
70,1,1,1,11,0.7164999999999999,injection,1,1,CAMP_000245,initial_access_or_exploitation
70,1,3,4,135,0.750625,injection,1,4,CAMP_000246,initial_access_or_exploitation
70,1,4,1,53,0.7795000000000001,injection,1,1,CAMP_000247,initial_access_or_exploitation
70,2,2,1,1,0.7015,injection,1,1,CAMP_000248,initial_access_or_exploitation
71,1,1,1,17,0.7255,injection,1,1,CAMP_000249,initial_access_or_exploitation
71,1,3,2,181,0.83575,injection,1,2,CAMP_000250,initial_access_or_exploitation
71,1,4,1,2,0.7030000000000001,injection,1,1,CAMP_000251,initial_access_or_exploitation
72,1,1,1,67,0.8005,injection,1,1,CAMP_000252,initial_access_or_exploitation
72,1,3,4,126,0.74725,injection,1,4,CAMP_000253,initial_access_or_exploitation
72,1,4,1,7,0.7104999999999999,injection,1,1,CAMP_000254,initial_access_or_exploitation
73,1,1,2,96,0.772,injection,1,2,CAMP_000255,initial_access_or_exploitation
73,1,3,4,80,0.73,injection,1,4,CAMP_000256,initial_access_or_exploitation
73,1,4,1,24,0.736,injection,1,1,CAMP_000257,initial_access_or_exploitation
74,1,1,1,19,0.7284999999999999,injection,1,1,CAMP_000258,initial_access_or_exploitation
74,1,3,4,176,0.766,injection,1,4,CAMP_000259,initial_access_or_exploitation
74,1,4,1,5,0.7075,injection,1,1,CAMP_000260,initial_access_or_exploitation
75,1,1,1,26,0.7390000000000001,injection,1,1,CAMP_000261,initial_access_or_exploitation
75,1,3,2,165,0.8237500000000001,injection,1,2,CAMP_000262,initial_access_or_exploitation
75,1,4,1,9,0.7135,injection,1,1,CAMP_000263,initial_access_or_exploitation
76,1,1,1,120,0.8799999999999999,injection,1,1,CAMP_000264,initial_access_or_exploitation
76,1,3,3,19,0.7094999999999999,injection,1,3,CAMP_000265,initial_access_or_exploitation
76,1,4,1,28,0.742,injection,1,1,CAMP_000266,initial_access_or_exploitation
76,2,1,1,1,0.7015,injection,1,1,CAMP_000267,initial_access_or_exploitation
76,2,3,3,5,0.7025,injection,1,3,CAMP_000268,initial_access_or_exploitation
76,3,3,5,15,0.7045,xss,2,4,CAMP_000269,initial_access_or_exploitation
76,3,4,1,12,0.718,xss,1,1,CAMP_000270,initial_access_or_exploitation
77,1,1,2,14,0.7105,injection,1,2,CAMP_000271,initial_access_or_exploitation
77,1,3,3,14,0.707,injection,1,3,CAMP_000272,initial_access_or_exploitation
77,1,4,1,1,0.7015,injection,1,1,CAMP_000273,initial_access_or_exploitation
77,2,1,2,16,0.712,injection,1,2,CAMP_000274,initial_access_or_exploitation
77,2,3,4,119,0.7446250000000001,injection,1,4,CAMP_000275,initial_access_or_exploitation
77,2,4,1,6,0.7090000000000001,injection,1,1,CAMP_000276,initial_access_or_exploitation
77,3,3,4,19,0.707125,xss,1,4,CAMP_000277,initial_access_or_exploitation
77,3,4,1,11,0.7164999999999999,xss,1,1,CAMP_000278,initial_access_or_exploitation
78,0,0,5,6,0.7018000000000001,mitm,1,5,CAMP_000279,persistence_or_manipulation
78,0,3,2,29,0.72175,mitm,1,2,CAMP_000280,persistence_or_manipulation
78,0,4,1,2,0.7030000000000001,mitm,1,1,CAMP_000281,persistence_or_manipulation
78,1,0,5,6,0.7018000000000001,mitm,1,5,CAMP_000282,persistence_or_manipulation
78,1,1,4,6,0.70225,mitm,1,4,CAMP_000283,persistence_or_manipulation
78,1,3,4,67,0.725125,injection,1,4,CAMP_000284,initial_access_or_exploitation
78,2,1,2,5,0.70375,injection,1,2,CAMP_000285,initial_access_or_exploitation
78,2,3,2,21,0.71575,injection,1,2,CAMP_000286,initial_access_or_exploitation
78,3,1,1,1,0.7015,mitm,1,1,CAMP_000287,persistence_or_manipulation
78,3,3,6,55,0.71375,xss,1,6,CAMP_000288,initial_access_or_exploitation
78,3,4,1,2,0.7030000000000001,xss,1,1,CAMP_000289,initial_access_or_exploitation
79,0,0,4,4,0.7015,mitm,1,4,CAMP_000290,persistence_or_manipulation
79,0,3,1,11,0.7164999999999999,mitm,1,1,CAMP_000291,persistence_or_manipulation
79,0,4,1,1,0.7015,mitm,1,1,CAMP_000292,persistence_or_manipulation
79,1,3,5,84,0.7252,password,1,5,CAMP_000293,initial_access_or_exploitation
79,1,4,1,31,0.7464999999999999,password,1,1,CAMP_000294,initial_access_or_exploitation
79,1,5,1,7,0.7104999999999999,password,1,1,CAMP_000295,initial_access_or_exploitation
79,2,4,1,1,0.7015,password,1,1,CAMP_000296,initial_access_or_exploitation
79,3,3,7,55,0.7117857142857142,xss,2,7,CAMP_000297,initial_access_or_exploitation
79,3,4,2,6,0.7045,normal,2,1,CAMP_000298,unknown
80,1,1,1,1,0.7015,password,1,1,CAMP_000299,initial_access_or_exploitation
80,1,3,5,44,0.7132,password,1,5,CAMP_000300,initial_access_or_exploitation
80,1,4,1,14,0.7210000000000001,password,1,1,CAMP_000301,initial_access_or_exploitation
80,1,5,1,2,0.7030000000000001,password,1,1,CAMP_000302,initial_access_or_exploitation
80,2,2,1,4,0.706,password,1,1,CAMP_000303,initial_access_or_exploitation
80,2,3,4,89,0.733375,password,1,4,CAMP_000304,initial_access_or_exploitation
80,2,4,1,33,0.7495,password,1,1,CAMP_000305,initial_access_or_exploitation
80,2,5,1,13,0.7195,password,1,1,CAMP_000306,initial_access_or_exploitation
81,1,3,4,59,0.722125,password,1,4,CAMP_000307,initial_access_or_exploitation
81,1,4,1,25,0.7375,password,1,1,CAMP_000308,initial_access_or_exploitation
81,1,5,1,11,0.7164999999999999,password,1,1,CAMP_000309,initial_access_or_exploitation
81,2,2,1,1,0.7015,password,1,1,CAMP_000310,initial_access_or_exploitation
81,2,3,5,76,0.7228,password,1,5,CAMP_000311,initial_access_or_exploitation
81,2,4,1,20,0.73,password,1,1,CAMP_000312,initial_access_or_exploitation
81,2,5,1,8,0.712,password,1,1,CAMP_000313,initial_access_or_exploitation
82,1,2,1,2,0.7030000000000001,password,1,1,CAMP_000314,initial_access_or_exploitation
82,1,3,4,72,0.727,password,1,4,CAMP_000315,initial_access_or_exploitation
82,1,4,1,20,0.73,password,1,1,CAMP_000316,initial_access_or_exploitation
82,1,5,1,5,0.7075,password,1,1,CAMP_000317,initial_access_or_exploitation
82,2,2,1,2,0.7030000000000001,password,1,1,CAMP_000318,initial_access_or_exploitation
82,2,3,4,58,0.72175,password,1,4,CAMP_000319,initial_access_or_exploitation
82,2,4,1,31,0.7464999999999999,password,1,1,CAMP_000320,initial_access_or_exploitation
82,2,5,1,10,0.7150000000000001,password,1,1,CAMP_000321,initial_access_or_exploitation
83,1,2,1,1,0.7015,password,1,1,CAMP_000322,initial_access_or_exploitation
83,1,3,4,64,0.724,password,1,4,CAMP_000323,initial_access_or_exploitation
83,1,4,1,31,0.7464999999999999,password,1,1,CAMP_000324,initial_access_or_exploitation
83,1,5,1,6,0.7090000000000001,password,1,1,CAMP_000325,initial_access_or_exploitation
83,2,2,1,2,0.7030000000000001,password,1,1,CAMP_000326,initial_access_or_exploitation
83,2,3,3,66,0.733,password,1,3,CAMP_000327,initial_access_or_exploitation
83,2,4,1,20,0.73,password,1,1,CAMP_000328,initial_access_or_exploitation
83,2,5,1,10,0.7150000000000001,password,1,1,CAMP_000329,initial_access_or_exploitation
84,1,2,1,3,0.7044999999999999,password,1,1,CAMP_000330,initial_access_or_exploitation
84,1,3,5,77,0.7231,password,1,5,CAMP_000331,initial_access_or_exploitation
84,1,4,1,16,0.724,password,1,1,CAMP_000332,initial_access_or_exploitation
84,1,5,1,8,0.712,password,1,1,CAMP_000333,initial_access_or_exploitation
84,2,2,1,2,0.7030000000000001,password,1,1,CAMP_000334,initial_access_or_exploitation
84,2,3,4,62,0.72325,password,1,4,CAMP_000335,initial_access_or_exploitation
84,2,4,1,23,0.7344999999999999,password,1,1,CAMP_000336,initial_access_or_exploitation
84,2,5,1,9,0.7135,password,1,1,CAMP_000337,initial_access_or_exploitation
85,1,1,1,1,0.7015,password,1,1,CAMP_000338,initial_access_or_exploitation
85,1,3,4,67,0.725125,password,1,4,CAMP_000339,initial_access_or_exploitation
85,1,4,1,24,0.736,password,1,1,CAMP_000340,initial_access_or_exploitation
85,1,5,1,8,0.712,password,1,1,CAMP_000341,initial_access_or_exploitation
85,2,2,1,2,0.7030000000000001,password,1,1,CAMP_000342,initial_access_or_exploitation
85,2,3,4,63,0.723625,password,1,4,CAMP_000343,initial_access_or_exploitation
85,2,4,1,23,0.7344999999999999,password,1,1,CAMP_000344,initial_access_or_exploitation
85,2,5,1,12,0.718,password,1,1,CAMP_000345,initial_access_or_exploitation
86,1,2,1,2,0.7030000000000001,password,1,1,CAMP_000346,initial_access_or_exploitation
86,1,3,5,83,0.7249,password,1,5,CAMP_000347,initial_access_or_exploitation
86,1,4,1,18,0.7270000000000001,password,1,1,CAMP_000348,initial_access_or_exploitation
86,1,5,1,8,0.712,password,1,1,CAMP_000349,initial_access_or_exploitation
86,2,2,1,1,0.7015,password,1,1,CAMP_000350,initial_access_or_exploitation
86,2,3,3,56,0.7279999999999999,password,1,3,CAMP_000351,initial_access_or_exploitation
86,2,4,1,20,0.73,password,1,1,CAMP_000352,initial_access_or_exploitation
86,2,5,1,12,0.718,password,1,1,CAMP_000353,initial_access_or_exploitation
87,1,3,5,55,0.7164999999999999,password,1,5,CAMP_000354,initial_access_or_exploitation
87,1,4,1,26,0.7390000000000001,password,1,1,CAMP_000355,initial_access_or_exploitation
87,1,5,1,3,0.7044999999999999,password,1,1,CAMP_000356,initial_access_or_exploitation
87,2,2,1,1,0.7015,password,1,1,CAMP_000357,initial_access_or_exploitation
87,2,3,5,63,0.7189,password,1,5,CAMP_000358,initial_access_or_exploitation
87,2,4,1,22,0.7330000000000001,password,1,1,CAMP_000359,initial_access_or_exploitation
87,2,5,1,9,0.7135,password,1,1,CAMP_000360,initial_access_or_exploitation
87,3,3,4,19,0.707125,xss,1,4,CAMP_000361,initial_access_or_exploitation
87,3,4,1,2,0.7030000000000001,xss,1,1,CAMP_000362,initial_access_or_exploitation
88,1,2,1,1,0.7015,password,1,1,CAMP_000363,initial_access_or_exploitation
88,1,3,4,68,0.7254999999999999,password,1,4,CAMP_000364,initial_access_or_exploitation
88,1,4,1,18,0.7270000000000001,password,1,1,CAMP_000365,initial_access_or_exploitation
88,1,5,1,8,0.712,password,1,1,CAMP_000366,initial_access_or_exploitation
88,2,2,1,2,0.7030000000000001,password,1,1,CAMP_000367,initial_access_or_exploitation
88,2,3,5,71,0.7212999999999999,password,1,5,CAMP_000368,initial_access_or_exploitation
88,2,4,1,19,0.7284999999999999,password,1,1,CAMP_000369,initial_access_or_exploitation
88,2,5,1,7,0.7104999999999999,password,1,1,CAMP_000370,initial_access_or_exploitation
88,3,3,4,6,0.70225,xss,1,4,CAMP_000371,initial_access_or_exploitation
89,1,1,1,3,0.7044999999999999,password,1,1,CAMP_000372,initial_access_or_exploitation
89,1,2,1,2,0.7030000000000001,password,1,1,CAMP_000373,initial_access_or_exploitation
89,1,3,6,67,0.7167499999999999,password,1,6,CAMP_000374,initial_access_or_exploitation
89,1,4,1,23,0.7344999999999999,password,1,1,CAMP_000375,initial_access_or_exploitation
89,1,5,1,7,0.7104999999999999,password,1,1,CAMP_000376,initial_access_or_exploitation
89,2,3,5,70,0.7210000000000001,password,1,5,CAMP_000377,initial_access_or_exploitation
89,2,4,1,19,0.7284999999999999,password,1,1,CAMP_000378,initial_access_or_exploitation
89,2,5,1,9,0.7135,password,1,1,CAMP_000379,initial_access_or_exploitation
90,1,2,1,1,0.7015,password,1,1,CAMP_000380,initial_access_or_exploitation
90,1,3,4,72,0.727,password,1,4,CAMP_000381,initial_access_or_exploitation
90,1,4,1,19,0.7284999999999999,password,1,1,CAMP_000382,initial_access_or_exploitation
90,1,5,1,11,0.7164999999999999,password,1,1,CAMP_000383,initial_access_or_exploitation
90,2,2,1,2,0.7030000000000001,password,1,1,CAMP_000384,initial_access_or_exploitation
90,2,3,4,64,0.724,password,1,4,CAMP_000385,initial_access_or_exploitation
90,2,4,1,19,0.7284999999999999,password,1,1,CAMP_000386,initial_access_or_exploitation
90,2,5,1,12,0.718,password,1,1,CAMP_000387,initial_access_or_exploitation
91,1,2,1,1,0.7015,password,1,1,CAMP_000388,initial_access_or_exploitation
91,1,3,4,73,0.727375,password,1,4,CAMP_000389,initial_access_or_exploitation
91,1,4,1,17,0.7255,password,1,1,CAMP_000390,initial_access_or_exploitation
91,1,5,1,10,0.7150000000000001,password,1,1,CAMP_000391,initial_access_or_exploitation
91,2,2,1,1,0.7015,password,1,1,CAMP_000392,initial_access_or_exploitation
91,2,3,4,70,0.7262500000000001,password,1,4,CAMP_000393,initial_access_or_exploitation
91,2,4,1,20,0.73,password,1,1,CAMP_000394,initial_access_or_exploitation
91,2,5,1,8,0.712,password,1,1,CAMP_000395,initial_access_or_exploitation
92,1,3,4,65,0.724375,password,1,4,CAMP_000396,initial_access_or_exploitation
92,1,4,1,24,0.736,password,1,1,CAMP_000397,initial_access_or_exploitation
92,1,5,1,7,0.7104999999999999,password,1,1,CAMP_000398,initial_access_or_exploitation
92,2,3,4,67,0.725125,password,1,4,CAMP_000399,initial_access_or_exploitation
92,2,4,1,25,0.7375,password,1,1,CAMP_000400,initial_access_or_exploitation
92,2,5,1,12,0.718,password,1,1,CAMP_000401,initial_access_or_exploitation
93,1,2,1,2,0.7030000000000001,password,1,1,CAMP_000402,initial_access_or_exploitation
93,1,3,4,71,0.726625,password,1,4,CAMP_000403,initial_access_or_exploitation
93,1,4,1,19,0.7284999999999999,password,1,1,CAMP_000404,initial_access_or_exploitation
93,1,5,1,10,0.7150000000000001,password,1,1,CAMP_000405,initial_access_or_exploitation
93,2,2,1,1,0.7015,password,1,1,CAMP_000406,initial_access_or_exploitation
93,2,3,4,72,0.727,password,1,4,CAMP_000407,initial_access_or_exploitation
93,2,4,1,18,0.7270000000000001,password,1,1,CAMP_000408,initial_access_or_exploitation
93,2,5,1,7,0.7104999999999999,password,1,1,CAMP_000409,initial_access_or_exploitation
94,1,3,4,53,0.719875,password,1,4,CAMP_000410,initial_access_or_exploitation
94,1,4,1,26,0.7390000000000001,password,1,1,CAMP_000411,initial_access_or_exploitation
94,1,5,1,9,0.7135,password,1,1,CAMP_000412,initial_access_or_exploitation
94,2,2,1,1,0.7015,password,1,1,CAMP_000413,initial_access_or_exploitation
94,2,3,4,82,0.73075,password,1,4,CAMP_000414,initial_access_or_exploitation
94,2,4,1,20,0.73,password,1,1,CAMP_000415,initial_access_or_exploitation
94,2,5,1,9,0.7135,password,1,1,CAMP_000416,initial_access_or_exploitation
95,1,0,1,1,0.7015,password,1,1,CAMP_000417,initial_access_or_exploitation
95,1,1,2,2,0.7015,password,1,2,CAMP_000418,initial_access_or_exploitation
95,1,2,1,2,0.7030000000000001,password,1,1,CAMP_000419,initial_access_or_exploitation
95,1,3,5,72,0.7215999999999999,password,1,5,CAMP_000420,initial_access_or_exploitation
95,1,4,1,19,0.7284999999999999,password,1,1,CAMP_000421,initial_access_or_exploitation
95,1,5,1,11,0.7164999999999999,password,1,1,CAMP_000422,initial_access_or_exploitation
95,2,3,5,68,0.7203999999999999,password,1,5,CAMP_000423,initial_access_or_exploitation
95,2,4,1,14,0.7210000000000001,password,1,1,CAMP_000424,initial_access_or_exploitation
95,2,5,1,11,0.7164999999999999,password,1,1,CAMP_000425,initial_access_or_exploitation
96,1,2,1,1,0.7015,password,1,1,CAMP_000426,initial_access_or_exploitation
96,1,3,5,66,0.7198,password,1,5,CAMP_000427,initial_access_or_exploitation
96,1,4,1,20,0.73,password,1,1,CAMP_000428,initial_access_or_exploitation
96,1,5,1,9,0.7135,password,1,1,CAMP_000429,initial_access_or_exploitation
96,2,2,1,1,0.7015,password,1,1,CAMP_000430,initial_access_or_exploitation
96,2,3,4,70,0.7262500000000001,password,1,4,CAMP_000431,initial_access_or_exploitation
96,2,4,1,25,0.7375,password,1,1,CAMP_000432,initial_access_or_exploitation
96,2,5,1,8,0.712,password,1,1,CAMP_000433,initial_access_or_exploitation
97,1,2,1,2,0.7030000000000001,password,1,1,CAMP_000434,initial_access_or_exploitation
97,1,3,5,77,0.7231,password,1,5,CAMP_000435,initial_access_or_exploitation
97,1,4,1,15,0.7224999999999999,password,1,1,CAMP_000436,initial_access_or_exploitation
97,1,5,1,5,0.7075,password,1,1,CAMP_000437,initial_access_or_exploitation
97,2,2,1,1,0.7015,password,1,1,CAMP_000438,initial_access_or_exploitation
97,2,3,4,65,0.724375,password,1,4,CAMP_000439,initial_access_or_exploitation
97,2,4,1,29,0.7435,password,1,1,CAMP_000440,initial_access_or_exploitation
97,2,5,1,6,0.7090000000000001,password,1,1,CAMP_000441,initial_access_or_exploitation
98,1,2,1,1,0.7015,password,1,1,CAMP_000442,initial_access_or_exploitation
98,1,3,4,54,0.72025,password,1,4,CAMP_000443,initial_access_or_exploitation
98,1,4,1,19,0.7284999999999999,password,1,1,CAMP_000444,initial_access_or_exploitation
98,1,5,1,5,0.7075,password,1,1,CAMP_000445,initial_access_or_exploitation
98,2,3,5,60,0.718,password,1,5,CAMP_000446,initial_access_or_exploitation
98,2,4,1,23,0.7344999999999999,password,1,1,CAMP_000447,initial_access_or_exploitation
98,2,5,1,15,0.7224999999999999,password,1,1,CAMP_000448,initial_access_or_exploitation
98,5,5,4,23,0.708625,ransomware,2,2,CAMP_000449,persistence_or_manipulation
99,3,3,8,32,0.706,xss,2,6,CAMP_000450,initial_access_or_exploitation
99,3,4,2,23,0.71725,xss,2,1,CAMP_000451,initial_access_or_exploitation
99,5,5,4,145,0.754375,ransomware,3,3,CAMP_000452,persistence_or_manipulation
100,3,3,7,18,0.7038571428571428,xss,2,6,CAMP_000453,initial_access_or_exploitation
100,3,4,2,5,0.70375,xss,2,1,CAMP_000454,initial_access_or_exploitation
100,5,5,4,177,0.766375,ransomware,3,3,CAMP_000455,persistence_or_manipulation
101,3,3,8,45,0.7084375,xss,2,6,CAMP_000456,initial_access_or_exploitation
101,3,4,2,13,0.70975,xss,2,1,CAMP_000457,initial_access_or_exploitation
101,5,5,4,142,0.75325,ransomware,3,3,CAMP_000458,persistence_or_manipulation
102,3,3,4,16,0.706,xss,1,4,CAMP_000459,initial_access_or_exploitation
102,3,4,1,14,0.7210000000000001,xss,1,1,CAMP_000460,initial_access_or_exploitation
102,5,5,4,170,0.76375,ransomware,3,3,CAMP_000461,persistence_or_manipulation
103,3,3,8,25,0.7046875,xss,2,6,CAMP_000462,initial_access_or_exploitation
103,3,4,1,3,0.7044999999999999,xss,1,1,CAMP_000463,initial_access_or_exploitation
103,5,5,4,172,0.7645,ransomware,3,3,CAMP_000464,persistence_or_manipulation
104,3,3,7,24,0.7051428571428572,xss,2,5,CAMP_000465,initial_access_or_exploitation
104,3,4,2,4,0.7030000000000001,xss,2,1,CAMP_000466,initial_access_or_exploitation
104,5,5,4,172,0.7645,ransomware,3,3,CAMP_000467,persistence_or_manipulation
105,3,3,7,48,0.7102857142857143,xss,2,4,CAMP_000468,initial_access_or_exploitation
105,3,4,2,14,0.7104999999999999,xss,2,1,CAMP_000469,initial_access_or_exploitation
105,5,5,3,138,0.769,ransomware,3,2,CAMP_000470,persistence_or_manipulation
106,5,5,4,200,0.775,ransomware,3,3,CAMP_000471,persistence_or_manipulation
107,3,3,8,43,0.7080625,xss,2,5,CAMP_000472,initial_access_or_exploitation
107,3,4,2,11,0.7082499999999999,xss,2,1,CAMP_000473,initial_access_or_exploitation
107,5,5,4,146,0.75475,ransomware,3,3,CAMP_000474,persistence_or_manipulation
108,3,3,7,27,0.7057857142857143,xss,2,6,CAMP_000475,initial_access_or_exploitation
108,3,4,1,6,0.7090000000000001,xss,1,1,CAMP_000476,initial_access_or_exploitation
108,5,5,3,167,0.7835,ransomware,3,2,CAMP_000477,persistence_or_manipulation
109,3,3,6,39,0.70975,xss,1,6,CAMP_000478,initial_access_or_exploitation
109,3,4,1,6,0.7090000000000001,xss,1,1,CAMP_000479,initial_access_or_exploitation
109,5,5,4,155,0.7581249999999999,ransomware,3,3,CAMP_000480,persistence_or_manipulation
110,3,3,6,25,0.7062499999999999,xss,1,6,CAMP_000481,initial_access_or_exploitation
110,3,4,1,3,0.7044999999999999,xss,1,1,CAMP_000482,initial_access_or_exploitation
110,5,5,4,172,0.7645,ransomware,3,3,CAMP_000483,persistence_or_manipulation
111,3,3,6,24,0.706,xss,1,6,CAMP_000484,initial_access_or_exploitation
111,3,4,1,5,0.7075,xss,1,1,CAMP_000485,initial_access_or_exploitation
111,5,5,4,171,0.7641249999999999,ransomware,3,3,CAMP_000486,persistence_or_manipulation
112,3,3,5,45,0.7135,xss,1,5,CAMP_000487,initial_access_or_exploitation
112,3,4,1,9,0.7135,xss,1,1,CAMP_000488,initial_access_or_exploitation
112,5,5,4,146,0.75475,ransomware,3,3,CAMP_000489,persistence_or_manipulation
113,1,1,2,5,0.70375,scanning,1,2,CAMP_000490,reconnaissance
113,1,2,1,6,0.7090000000000001,scanning,1,1,CAMP_000491,reconnaissance
113,1,3,1,3,0.7044999999999999,scanning,1,1,CAMP_000492,reconnaissance
113,2,1,2,2,0.7015,scanning,1,2,CAMP_000493,reconnaissance
113,2,2,2,6,0.7045,scanning,1,2,CAMP_000494,reconnaissance
113,2,3,3,9,0.7045,scanning,1,3,CAMP_000495,reconnaissance
113,3,1,2,9,0.70675,scanning,1,2,CAMP_000496,reconnaissance
113,3,2,1,7,0.7104999999999999,scanning,1,1,CAMP_000497,reconnaissance
113,3,3,7,21,0.7045,xss,1,7,CAMP_000498,initial_access_or_exploitation
113,3,4,1,5,0.7075,xss,1,1,CAMP_000499,initial_access_or_exploitation
113,5,5,3,127,0.7635,ransomware,3,2,CAMP_000500,persistence_or_manipulation
114,1,1,2,16,0.712,scanning,1,2,CAMP_000501,reconnaissance
114,1,2,1,10,0.7150000000000001,scanning,1,1,CAMP_000502,reconnaissance
114,1,3,2,11,0.7082499999999999,scanning,1,2,CAMP_000503,reconnaissance
114,1,4,1,2,0.7030000000000001,scanning,1,1,CAMP_000504,reconnaissance
114,2,1,2,16,0.712,scanning,1,2,CAMP_000505,reconnaissance
114,2,2,2,21,0.71575,scanning,1,2,CAMP_000506,reconnaissance
114,2,3,5,37,0.7111,scanning,1,5,CAMP_000507,reconnaissance
114,2,4,1,17,0.7255,scanning,1,1,CAMP_000508,reconnaissance
114,3,1,2,30,0.7225,scanning,1,2,CAMP_000509,reconnaissance
114,3,2,2,17,0.71275,scanning,1,2,CAMP_000510,reconnaissance
114,3,3,6,18,0.7045,scanning,1,6,CAMP_000511,reconnaissance
114,3,4,1,5,0.7075,scanning,1,1,CAMP_000512,reconnaissance
115,1,1,2,5,0.70375,scanning,1,2,CAMP_000513,reconnaissance
115,1,2,1,10,0.7150000000000001,scanning,1,1,CAMP_000514,reconnaissance
115,1,3,1,6,0.7090000000000001,scanning,1,1,CAMP_000515,reconnaissance
115,2,1,2,3,0.70225,scanning,1,2,CAMP_000516,reconnaissance
115,2,2,2,42,0.7314999999999999,scanning,1,2,CAMP_000517,reconnaissance
115,2,3,5,84,0.7252000000000001,scanning,1,5,CAMP_000518,reconnaissance
115,2,4,1,25,0.7375,scanning,1,1,CAMP_000519,reconnaissance
115,3,1,2,10,0.7075,scanning,1,2,CAMP_000520,reconnaissance
115,3,2,1,7,0.7104999999999999,scanning,1,1,CAMP_000521,reconnaissance
115,3,3,5,7,0.7021000000000001,scanning,1,5,CAMP_000522,reconnaissance
115,3,4,1,1,0.7015,scanning,1,1,CAMP_000523,reconnaissance
116,1,1,2,22,0.7165,scanning,1,2,CAMP_000524,reconnaissance
116,1,2,1,11,0.7164999999999999,scanning,1,1,CAMP_000525,reconnaissance
116,1,3,2,7,0.70525,scanning,1,2,CAMP_000526,reconnaissance
116,2,1,2,17,0.71275,scanning,1,2,CAMP_000527,reconnaissance
116,2,2,2,29,0.72175,scanning,1,2,CAMP_000528,reconnaissance
116,2,3,5,26,0.7078,scanning,1,5,CAMP_000529,reconnaissance
116,2,4,1,1,0.7015,scanning,1,1,CAMP_000530,reconnaissance
116,3,1,2,17,0.71275,scanning,1,2,CAMP_000531,reconnaissance
116,3,2,2,32,0.7240000000000001,scanning,1,2,CAMP_000532,reconnaissance
116,3,3,7,37,0.7079285714285716,scanning,1,7,CAMP_000533,reconnaissance
116,3,4,1,1,0.7015,scanning,1,1,CAMP_000534,reconnaissance
117,1,1,2,17,0.71275,scanning,1,2,CAMP_000535,reconnaissance
117,1,2,1,18,0.7270000000000001,scanning,1,1,CAMP_000536,reconnaissance
117,1,3,1,6,0.7090000000000001,scanning,1,1,CAMP_000537,reconnaissance
117,1,4,1,2,0.7030000000000001,scanning,1,1,CAMP_000538,reconnaissance
117,2,1,2,10,0.7075,scanning,1,2,CAMP_000539,reconnaissance
117,2,2,2,40,0.73,scanning,1,2,CAMP_000540,reconnaissance
117,2,3,3,52,0.726,scanning,1,3,CAMP_000541,reconnaissance
117,2,4,1,6,0.7090000000000001,scanning,1,1,CAMP_000542,reconnaissance
117,3,1,2,10,0.7075,scanning,1,2,CAMP_000543,reconnaissance
117,3,2,2,19,0.7142499999999999,scanning,1,2,CAMP_000544,reconnaissance
117,3,3,7,15,0.7032142857142858,scanning,1,7,CAMP_000545,reconnaissance
117,3,4,1,5,0.7075,scanning,1,1,CAMP_000546,reconnaissance
118,1,1,2,7,0.70525,scanning,1,2,CAMP_000547,reconnaissance
118,1,2,1,3,0.7044999999999999,scanning,1,1,CAMP_000548,reconnaissance
118,1,3,1,5,0.7075,scanning,1,1,CAMP_000549,reconnaissance
118,2,1,2,7,0.7052499999999999,scanning,1,2,CAMP_000550,reconnaissance
118,2,2,1,6,0.7090000000000001,scanning,1,1,CAMP_000551,reconnaissance
118,2,3,3,111,0.7555000000000001,scanning,1,3,CAMP_000552,reconnaissance
118,2,4,1,15,0.7224999999999999,scanning,1,1,CAMP_000553,reconnaissance
118,3,1,2,13,0.70975,scanning,1,2,CAMP_000554,reconnaissance
118,3,2,2,18,0.7135,scanning,1,2,CAMP_000555,reconnaissance
118,3,3,6,15,0.70375,scanning,1,6,CAMP_000556,reconnaissance
119,1,1,2,12,0.709,scanning,1,2,CAMP_000557,reconnaissance
119,1,2,1,2,0.7030000000000001,scanning,1,1,CAMP_000558,reconnaissance
119,1,3,1,2,0.7030000000000001,scanning,1,1,CAMP_000559,reconnaissance
119,2,1,2,6,0.7045,scanning,1,2,CAMP_000560,reconnaissance
119,2,2,1,5,0.7075,scanning,1,1,CAMP_000561,reconnaissance
119,2,3,4,122,0.74575,scanning,1,4,CAMP_000562,reconnaissance
119,2,4,1,14,0.7210000000000001,scanning,1,1,CAMP_000563,reconnaissance
119,3,1,2,9,0.70675,scanning,1,2,CAMP_000564,reconnaissance
119,3,2,2,10,0.7075,scanning,1,2,CAMP_000565,reconnaissance
119,3,3,5,18,0.7054,scanning,1,5,CAMP_000566,reconnaissance
120,1,1,2,13,0.70975,scanning,1,2,CAMP_000567,reconnaissance
120,1,2,1,20,0.73,scanning,1,1,CAMP_000568,reconnaissance
120,1,3,1,4,0.706,scanning,1,1,CAMP_000569,reconnaissance
120,1,4,1,1,0.7015,scanning,1,1,CAMP_000570,reconnaissance
120,2,1,2,21,0.71575,scanning,1,2,CAMP_000571,reconnaissance
120,2,2,2,24,0.718,scanning,1,2,CAMP_000572,reconnaissance
120,2,3,4,25,0.7093750000000001,scanning,1,4,CAMP_000573,reconnaissance
120,2,4,1,19,0.7284999999999999,scanning,1,1,CAMP_000574,reconnaissance
120,3,1,2,24,0.718,scanning,1,2,CAMP_000575,reconnaissance
120,3,2,2,26,0.7194999999999999,scanning,1,2,CAMP_000576,reconnaissance
120,3,3,7,21,0.7045,scanning,1,7,CAMP_000577,reconnaissance
120,3,4,1,2,0.7030000000000001,scanning,1,1,CAMP_000578,reconnaissance
121,1,1,2,18,0.7135,scanning,1,2,CAMP_000579,reconnaissance
121,1,2,1,16,0.724,scanning,1,1,CAMP_000580,reconnaissance
121,1,3,1,10,0.7150000000000001,scanning,1,1,CAMP_000581,reconnaissance
121,2,1,2,23,0.71725,scanning,1,2,CAMP_000582,reconnaissance
121,2,2,2,22,0.7164999999999999,scanning,1,2,CAMP_000583,reconnaissance
121,2,3,4,17,0.706375,scanning,1,4,CAMP_000584,reconnaissance
121,2,4,1,3,0.7044999999999999,scanning,1,1,CAMP_000585,reconnaissance
121,3,1,2,27,0.72025,scanning,1,2,CAMP_000586,reconnaissance
121,3,2,2,35,0.7262500000000001,scanning,1,2,CAMP_000587,reconnaissance
121,3,3,7,28,0.7060000000000001,scanning,1,7,CAMP_000588,reconnaissance
121,3,4,1,1,0.7015,scanning,1,1,CAMP_000589,reconnaissance
122,1,1,1,18,0.7270000000000001,scanning,1,1,CAMP_000590,reconnaissance
122,1,2,1,17,0.7255,scanning,1,1,CAMP_000591,reconnaissance
122,1,3,1,8,0.712,scanning,1,1,CAMP_000592,reconnaissance
122,1,4,1,1,0.7015,scanning,1,1,CAMP_000593,reconnaissance
122,2,1,2,29,0.72175,scanning,1,2,CAMP_000594,reconnaissance
122,2,2,2,30,0.7224999999999999,scanning,1,2,CAMP_000595,reconnaissance
122,2,3,4,16,0.706,scanning,1,4,CAMP_000596,reconnaissance
122,2,4,1,2,0.7030000000000001,scanning,1,1,CAMP_000597,reconnaissance
122,3,1,2,30,0.7225,scanning,1,2,CAMP_000598,reconnaissance
122,3,2,2,26,0.7195,scanning,1,2,CAMP_000599,reconnaissance
122,3,3,5,21,0.7062999999999999,scanning,1,5,CAMP_000600,reconnaissance
122,3,4,1,2,0.7030000000000001,scanning,1,1,CAMP_000601,reconnaissance
123,1,1,2,16,0.712,scanning,1,2,CAMP_000602,reconnaissance
123,1,2,1,24,0.736,scanning,1,1,CAMP_000603,reconnaissance
123,1,3,1,4,0.706,scanning,1,1,CAMP_000604,reconnaissance
123,1,4,1,1,0.7015,scanning,1,1,CAMP_000605,reconnaissance
123,2,1,2,25,0.71875,scanning,1,2,CAMP_000606,reconnaissance
123,2,2,2,26,0.7195,scanning,1,2,CAMP_000607,reconnaissance
123,2,3,7,19,0.7040714285714286,scanning,1,7,CAMP_000608,reconnaissance
123,2,4,1,3,0.7044999999999999,scanning,1,1,CAMP_000609,reconnaissance
123,3,1,2,33,0.72475,scanning,1,2,CAMP_000610,reconnaissance
123,3,2,2,26,0.7194999999999999,scanning,1,2,CAMP_000611,reconnaissance
123,3,3,8,21,0.7039375,scanning,1,8,CAMP_000612,reconnaissance
123,3,4,1,2,0.7030000000000001,scanning,1,1,CAMP_000613,reconnaissance
124,1,1,1,22,0.7330000000000001,scanning,1,1,CAMP_000614,reconnaissance
124,1,2,1,13,0.7195,scanning,1,1,CAMP_000615,reconnaissance
124,1,3,2,4,0.703,scanning,1,2,CAMP_000616,reconnaissance
124,2,1,2,29,0.72175,scanning,1,2,CAMP_000617,reconnaissance
124,2,2,1,21,0.7315,scanning,1,1,CAMP_000618,reconnaissance
124,2,3,7,17,0.7036428571428571,scanning,1,7,CAMP_000619,reconnaissance
124,2,4,1,2,0.7030000000000001,scanning,1,1,CAMP_000620,reconnaissance
124,3,1,2,30,0.7225,scanning,1,2,CAMP_000621,reconnaissance
124,3,2,2,32,0.724,scanning,1,2,CAMP_000622,reconnaissance
124,3,3,7,26,0.7055714285714286,scanning,1,7,CAMP_000623,reconnaissance
124,3,4,1,4,0.706,scanning,1,1,CAMP_000624,reconnaissance
125,1,1,1,14,0.7210000000000001,scanning,1,1,CAMP_000625,reconnaissance
125,1,2,1,22,0.7330000000000001,scanning,1,1,CAMP_000626,reconnaissance
125,1,3,2,2,0.7015,scanning,1,2,CAMP_000627,reconnaissance
125,2,1,2,17,0.71275,scanning,1,2,CAMP_000628,reconnaissance
125,2,2,1,24,0.736,scanning,1,1,CAMP_000629,reconnaissance
125,2,3,5,20,0.7060000000000001,scanning,1,5,CAMP_000630,reconnaissance
125,3,1,2,29,0.72175,scanning,1,2,CAMP_000631,reconnaissance
125,3,2,2,30,0.7225,scanning,1,2,CAMP_000632,reconnaissance
125,3,3,6,41,0.7102499999999999,scanning,1,6,CAMP_000633,reconnaissance
125,3,4,1,1,0.7015,scanning,1,1,CAMP_000634,reconnaissance
126,1,1,1,9,0.7135,scanning,1,1,CAMP_000635,reconnaissance
126,1,2,1,14,0.7210000000000001,scanning,1,1,CAMP_000636,reconnaissance
126,1,3,2,7,0.70525,scanning,1,2,CAMP_000637,reconnaissance
126,2,1,2,26,0.7195,scanning,1,2,CAMP_000638,reconnaissance
126,2,2,1,20,0.73,scanning,1,1,CAMP_000639,reconnaissance
126,2,3,5,17,0.7051000000000001,scanning,1,5,CAMP_000640,reconnaissance
126,3,1,2,39,0.7292500000000001,scanning,1,2,CAMP_000641,reconnaissance
126,3,2,2,30,0.7224999999999999,scanning,1,2,CAMP_000642,reconnaissance
126,3,3,6,36,0.7090000000000001,scanning,1,6,CAMP_000643,reconnaissance
126,3,4,1,2,0.7030000000000001,scanning,1,1,CAMP_000644,reconnaissance
127,1,1,1,4,0.706,scanning,1,1,CAMP_000645,reconnaissance
127,1,2,1,17,0.7255,scanning,1,1,CAMP_000646,reconnaissance
127,1,3,3,12,0.7060000000000001,scanning,1,3,CAMP_000647,reconnaissance
127,2,1,2,30,0.7224999999999999,scanning,1,2,CAMP_000648,reconnaissance
127,2,2,1,27,0.7404999999999999,scanning,1,1,CAMP_000649,reconnaissance
127,2,3,5,23,0.7069,scanning,1,5,CAMP_000650,reconnaissance
127,2,4,1,1,0.7015,scanning,1,1,CAMP_000651,reconnaissance
127,3,1,2,29,0.72175,scanning,1,2,CAMP_000652,reconnaissance
127,3,2,2,35,0.72625,scanning,1,2,CAMP_000653,reconnaissance
127,3,3,4,22,0.70825,scanning,1,4,CAMP_000654,reconnaissance
128,1,1,1,3,0.7044999999999999,scanning,1,1,CAMP_000655,reconnaissance
128,1,2,1,19,0.7284999999999999,scanning,1,1,CAMP_000656,reconnaissance
128,1,3,2,8,0.706,scanning,1,2,CAMP_000657,reconnaissance
128,2,1,2,22,0.7165,scanning,1,2,CAMP_000658,reconnaissance
128,2,2,1,23,0.7344999999999999,scanning,1,1,CAMP_000659,reconnaissance
128,2,3,6,24,0.7060000000000001,scanning,1,6,CAMP_000660,reconnaissance
128,3,1,2,37,0.72775,scanning,1,2,CAMP_000661,reconnaissance
128,3,2,2,31,0.72325,scanning,1,2,CAMP_000662,reconnaissance
128,3,3,6,33,0.70825,scanning,1,6,CAMP_000663,reconnaissance
129,1,1,1,8,0.712,scanning,1,1,CAMP_000664,reconnaissance
129,1,2,1,17,0.7255,scanning,1,1,CAMP_000665,reconnaissance
129,1,3,2,11,0.7082499999999999,scanning,1,2,CAMP_000666,reconnaissance
129,2,1,2,14,0.7104999999999999,scanning,1,2,CAMP_000667,reconnaissance
129,2,2,1,23,0.7344999999999999,scanning,1,1,CAMP_000668,reconnaissance
129,2,3,5,24,0.7072,scanning,1,5,CAMP_000669,reconnaissance
129,3,1,2,38,0.7285,scanning,1,2,CAMP_000670,reconnaissance
129,3,2,2,27,0.72025,scanning,1,2,CAMP_000671,reconnaissance
129,3,3,7,38,0.7081428571428571,scanning,1,7,CAMP_000672,reconnaissance
130,1,1,2,9,0.70675,scanning,1,2,CAMP_000673,reconnaissance
130,1,2,1,17,0.7255,scanning,1,1,CAMP_000674,reconnaissance
130,1,3,2,8,0.706,scanning,1,2,CAMP_000675,reconnaissance
130,2,1,2,19,0.71425,scanning,1,2,CAMP_000676,reconnaissance
130,2,2,1,29,0.7435,scanning,1,1,CAMP_000677,reconnaissance
130,2,3,5,17,0.7051000000000001,scanning,1,5,CAMP_000678,reconnaissance
130,2,4,1,2,0.7030000000000001,scanning,1,1,CAMP_000679,reconnaissance
130,3,1,2,31,0.72325,scanning,1,2,CAMP_000680,reconnaissance
130,3,2,2,37,0.72775,scanning,1,2,CAMP_000681,reconnaissance
130,3,3,5,29,0.7087,scanning,1,5,CAMP_000682,reconnaissance
130,3,4,1,2,0.7030000000000001,scanning,1,1,CAMP_000683,reconnaissance
131,1,1,1,9,0.7135,scanning,1,1,CAMP_000684,reconnaissance
131,1,2,1,22,0.7330000000000001,scanning,1,1,CAMP_000685,reconnaissance
131,1,3,1,3,0.7044999999999999,scanning,1,1,CAMP_000686,reconnaissance
131,2,1,2,29,0.72175,scanning,1,2,CAMP_000687,reconnaissance
131,2,2,1,41,0.7615000000000001,scanning,1,1,CAMP_000688,reconnaissance
131,2,3,4,19,0.707125,scanning,1,4,CAMP_000689,reconnaissance
131,2,4,1,2,0.7030000000000001,scanning,1,1,CAMP_000690,reconnaissance
131,3,1,2,36,0.727,scanning,1,2,CAMP_000691,reconnaissance
131,3,2,2,20,0.715,scanning,1,2,CAMP_000692,reconnaissance
131,3,3,5,16,0.7048,scanning,1,5,CAMP_000693,reconnaissance
131,3,4,1,3,0.7044999999999999,scanning,1,1,CAMP_000694,reconnaissance
132,1,1,2,12,0.7090000000000001,scanning,1,2,CAMP_000695,reconnaissance
132,1,2,1,18,0.7270000000000001,scanning,1,1,CAMP_000696,reconnaissance
132,1,3,2,3,0.70225,scanning,1,2,CAMP_000697,reconnaissance
132,2,1,2,27,0.72025,scanning,1,2,CAMP_000698,reconnaissance
132,2,2,1,37,0.7555000000000001,scanning,1,1,CAMP_000699,reconnaissance
132,2,3,4,15,0.705625,scanning,1,4,CAMP_000700,reconnaissance
132,2,4,1,2,0.7030000000000001,scanning,1,1,CAMP_000701,reconnaissance
132,3,1,2,38,0.7284999999999999,scanning,1,2,CAMP_000702,reconnaissance
132,3,2,2,33,0.72475,scanning,1,2,CAMP_000703,reconnaissance
132,3,3,4,13,0.704875,scanning,1,4,CAMP_000704,reconnaissance
132,3,4,1,2,0.7030000000000001,scanning,1,1,CAMP_000705,reconnaissance
133,1,1,1,5,0.7075,scanning,1,1,CAMP_000706,reconnaissance
133,1,2,1,8,0.712,scanning,1,1,CAMP_000707,reconnaissance
133,1,3,2,3,0.70225,scanning,1,2,CAMP_000708,reconnaissance
133,2,1,2,5,0.70375,scanning,1,2,CAMP_000709,reconnaissance
133,2,2,1,19,0.7284999999999999,scanning,1,1,CAMP_000710,reconnaissance
133,2,3,4,10,0.70375,scanning,1,4,CAMP_000711,reconnaissance
133,2,4,1,1,0.7015,scanning,1,1,CAMP_000712,reconnaissance
133,3,1,2,16,0.7120000000000001,scanning,1,2,CAMP_000713,reconnaissance
133,3,2,2,18,0.7135,scanning,1,2,CAMP_000714,reconnaissance
133,3,3,8,108,0.7202500000000001,xss,1,8,CAMP_000715,initial_access_or_exploitation
133,3,4,1,7,0.7104999999999999,xss,1,1,CAMP_000716,initial_access_or_exploitation
134,3,3,10,175,0.7262500000000001,xss,2,7,CAMP_000717,initial_access_or_exploitation
134,3,4,2,25,0.71875,xss,2,1,CAMP_000718,initial_access_or_exploitation
135,3,3,6,185,0.74625,xss,1,6,CAMP_000719,initial_access_or_exploitation
135,3,4,1,15,0.7224999999999999,xss,1,1,CAMP_000720,initial_access_or_exploitation
136,3,3,7,176,0.7377142857142857,xss,2,6,CAMP_000721,initial_access_or_exploitation
136,3,4,2,24,0.718,xss,2,1,CAMP_000722,initial_access_or_exploitation
137,3,3,7,183,0.7392142857142857,xss,2,6,CAMP_000723,initial_access_or_exploitation
137,3,4,1,17,0.7255,xss,1,1,CAMP_000724,initial_access_or_exploitation
138,3,3,6,184,0.746,xss,1,6,CAMP_000725,initial_access_or_exploitation
138,3,4,1,16,0.724,xss,1,1,CAMP_000726,initial_access_or_exploitation
139,3,3,11,177,0.7241363636363637,xss,2,6,CAMP_000727,initial_access_or_exploitation
139,3,4,2,23,0.7172499999999999,xss,2,1,CAMP_000728,initial_access_or_exploitation
140,3,3,8,173,0.7324375,xss,2,7,CAMP_000729,initial_access_or_exploitation
140,3,4,1,27,0.7404999999999999,xss,1,1,CAMP_000730,initial_access_or_exploitation
141,3,3,8,181,0.7339375,xss,2,6,CAMP_000731,initial_access_or_exploitation
141,3,4,1,19,0.7284999999999999,xss,1,1,CAMP_000732,initial_access_or_exploitation
142,2,4,1,1,0.7014589448882748,scanning,1,1,CAMP_000733,reconnaissance
142,3,3,6,89,0.72225,xss,1,6,CAMP_000734,initial_access_or_exploitation
142,3,4,2,15,0.710113976676027,xss,2,1,CAMP_000735,initial_access_or_exploitation
142,5,5,4,95,0.7349912545757702,backdoor,3,3,CAMP_000736,persistence_or_manipulation
143,2,1,1,1,0.6993382468786533,scanning,1,1,CAMP_000737,reconnaissance
143,2,2,1,1,0.6993382468786533,dos,1,1,CAMP_000738,disruption_or_impact
143,3,4,2,22,0.7143382468786534,xss,2,1,CAMP_000739,initial_access_or_exploitation
143,5,5,2,176,0.8298382468786534,ransomware,2,1,CAMP_000740,persistence_or_manipulation
144,1,3,2,5,0.7010129925516565,injection,1,2,CAMP_000741,initial_access_or_exploitation
144,2,3,3,5,0.6997629925516565,injection,1,3,CAMP_000742,initial_access_or_exploitation
144,3,3,5,59,0.7149629925516565,xss,2,4,CAMP_000743,initial_access_or_exploitation
144,3,4,1,7,0.7077629925516564,xss,1,1,CAMP_000744,initial_access_or_exploitation
144,5,5,2,124,0.7904737544804652,ransomware,2,1,CAMP_000745,persistence_or_manipulation
145,1,4,1,3,0.7017629925516564,password,1,1,CAMP_000746,initial_access_or_exploitation
145,2,4,1,5,0.7047629925516564,password,1,1,CAMP_000747,initial_access_or_exploitation
145,3,3,5,38,0.7086629925516565,xss,2,4,CAMP_000748,initial_access_or_exploitation
145,3,4,1,3,0.7017629925516564,xss,1,1,CAMP_000749,initial_access_or_exploitation
145,5,5,2,151,0.8105129925516565,ransomware,2,1,CAMP_000750,persistence_or_manipulation
146,0,0,5,5,0.698,mitm,1,5,CAMP_000751,persistence_or_manipulation
146,0,3,2,3,0.69875,mitm,1,2,CAMP_000752,persistence_or_manipulation
146,1,0,2,2,0.698,mitm,1,2,CAMP_000753,persistence_or_manipulation
146,1,1,2,3,0.69875,injection,1,2,CAMP_000754,initial_access_or_exploitation
146,1,2,1,1,0.698,ddos,1,1,CAMP_000755,disruption_or_impact
146,1,3,5,18,0.7022351717280492,ddos,1,5,CAMP_000756,disruption_or_impact
146,1,4,1,4,0.7031267438817178,password,1,1,CAMP_000757,initial_access_or_exploitation
146,1,5,1,1,0.698,mitm,1,1,CAMP_000758,persistence_or_manipulation
146,2,1,1,1,0.698,injection,1,1,CAMP_000759,initial_access_or_exploitation
146,2,2,3,4,0.6986634984039264,dos,1,3,CAMP_000760,disruption_or_impact
146,2,3,8,41,0.7042949850618405,injection,2,5,CAMP_000761,initial_access_or_exploitation
146,2,4,1,12,0.7148542465418405,ddos,1,1,CAMP_000762,disruption_or_impact
146,3,3,10,79,0.7086173702458078,xss,3,7,CAMP_000763,initial_access_or_exploitation
146,3,4,2,5,0.7002499999999999,xss,2,1,CAMP_000764,initial_access_or_exploitation
146,4,4,1,1,0.698,normal,1,1,CAMP_000765,unknown
146,5,5,2,20,0.7122629925516565,ransomware,2,1,CAMP_000766,persistence_or_manipulation
147,0,0,13,16,0.6828141025641025,mitm,1,13,CAMP_000767,persistence_or_manipulation
147,0,3,1,3,0.6958333333333333,mitm,1,1,CAMP_000768,persistence_or_manipulation
147,1,0,3,3,0.6816666666666666,mitm,1,3,CAMP_000769,persistence_or_manipulation
147,1,1,12,15,0.685,mitm,1,12,CAMP_000770,persistence_or_manipulation
147,1,3,5,24,0.6968147116613463,injection,1,5,CAMP_000771,initial_access_or_exploitation
147,1,4,1,8,0.6975,ddos,1,1,CAMP_000772,disruption_or_impact
147,2,1,5,11,0.6931,password,1,5,CAMP_000773,initial_access_or_exploitation
147,2,2,9,11,0.684138888888889,dos,2,7,CAMP_000774,disruption_or_impact
147,2,3,5,44,0.703328409090909,ddos,1,5,CAMP_000775,disruption_or_impact
147,2,4,1,8,0.6990624999999999,ddos,1,1,CAMP_000776,disruption_or_impact
147,2,5,1,1,0.677,dos,1,1,CAMP_000777,disruption_or_impact
147,3,1,2,2,0.6839999999999999,scanning,1,2,CAMP_000778,reconnaissance
147,3,3,8,38,0.6967157165750916,xss,2,6,CAMP_000779,initial_access_or_exploitation
147,3,4,2,13,0.6989166666666666,xss,2,1,CAMP_000780,initial_access_or_exploitation
147,4,4,1,1,0.6839999999999999,normal,1,1,CAMP_000781,unknown
147,6,6,2,2,0.67875,normal,1,2,CAMP_000782,unknown
148,0,0,14,15,0.6193571428571429,mitm,1,14,CAMP_000783,persistence_or_manipulation
148,0,2,1,2,0.35875,mitm,1,1,CAMP_000784,persistence_or_manipulation
148,0,4,1,1,0.6455000000000001,mitm,1,1,CAMP_000785,persistence_or_manipulation
148,0,6,1,1,0.6385000000000001,mitm,1,1,CAMP_000786,persistence_or_manipulation
148,1,0,4,5,0.6044375000000001,mitm,1,4,CAMP_000787,persistence_or_manipulation
148,1,1,11,13,0.6283787878787879,mitm,1,11,CAMP_000788,persistence_or_manipulation
148,1,2,1,1,0.43716512703107574,scanning,1,1,CAMP_000789,reconnaissance
148,1,3,4,24,0.6050869005765166,ddos,1,4,CAMP_000790,disruption_or_impact
148,1,4,2,4,0.6159166666666667,injection,1,2,CAMP_000791,initial_access_or_exploitation
148,2,1,1,1,0.656,injection,1,1,CAMP_000792,initial_access_or_exploitation
148,2,2,11,11,0.5856818181818182,dos,1,11,CAMP_000793,disruption_or_impact
148,2,3,5,30,0.5924824179246084,ddos,1,5,CAMP_000794,disruption_or_impact
148,2,4,1,4,0.62575,ddos,1,1,CAMP_000795,disruption_or_impact
148,2,5,1,1,0.6699999999999999,injection,1,1,CAMP_000796,initial_access_or_exploitation
148,3,3,14,27,0.5806293878658568,normal,6,9,CAMP_000797,unknown
148,3,4,2,5,0.623625,xss,2,1,CAMP_000798,initial_access_or_exploitation
148,4,3,3,7,0.47257730948196497,normal,1,3,CAMP_000799,unknown
148,4,4,5,5,0.5166999999999999,normal,1,5,CAMP_000800,unknown
148,5,5,3,11,0.45481441768911296,ransomware,2,3,CAMP_000801,persistence_or_manipulation
148,6,3,1,1,0.5265,normal,1,1,CAMP_000802,unknown
148,6,6,2,4,0.5175833333333334,normal,1,2,CAMP_000803,unknown
